{
  "C1": {
    "x": 195.934375,
    "y": 96.6064453125,
    "z": 63.79443359375
  },
  "C2": {
    "x": 204.934375,
    "y": 96.6064453125,
    "z": 63.79443359375
  },
  "C3": {
    "x": 213.934375,
    "y": 96.6064453125,
    "z": 63.79443359375
  },
  "C4": {
    "x": 222.934375,
    "y": 96.6064453125,
    "z": 63.79443359375
  },
  "C5": {
    "x": 231.934375,
    "y": 96.6064453125,
    "z": 63.79443359375
  },
  "C6": {
    "x": 240.934375,
    "y": 96.6064453125,
    "z": 63.79443359375
  },
  "C7": {
    "x": 249.934375,
    "y": 96.6064453125,
    "z": 63.79443359375
  },
  "C8": {
    "x": 258.934375,
    "y": 96.6064453125,
    "z": 63.79443359375
  },
  "C9": {
    "x": 267.934375,
    "y": 96.6064453125,
    "z": 63.79443359375
  },
  "C10": {
    "x": 276.934375,
    "y": 96.6064453125,
    "z": 63.79443359375
  },
  "C11": {
    "x": 285.934375,
    "y": 96.6064453125,
    "z": 63.79443359375
  },
  "C12": {
    "x": 294.934375,
    "y": 96.6064453125,
    "z": 63.79443359375
  },
  "C13": {
    "x": 195.934375,
    "y": 105.6064453125,
    "z": 63.79443359375
  },
  "C14": {
    "x": 204.934375,
    "y": 105.6064453125,
    "z": 63.79443359375
  },
  "C15": {
    "x": 213.934375,
    "y": 105.6064453125,
    "z": 63.79443359375
  },
  "C16": {
    "x": 222.934375,
    "y": 105.6064453125,
    "z": 63.79443359375
  },
  "C17": {
    "x": 231.934375,
    "y": 105.6064453125,
    "z": 63.79443359375
  },
  "C18": {
    "x": 240.934375,
    "y": 105.6064453125,
    "z": 63.79443359375
  },
  "C19": {
    "x": 249.934375,
    "y": 105.6064453125,
    "z": 63.79443359375
  },
  "C20": {
    "x": 258.934375,
    "y": 105.6064453125,
    "z": 63.79443359375
  },
  "C21": {
    "x": 267.934375,
    "y": 105.6064453125,
    "z": 63.79443359375
  },
  "C22": {
    "x": 276.934375,
    "y": 105.6064453125,
    "z": 63.79443359375
  },
  "C23": {
    "x": 285.934375,
    "y": 105.6064453125,
    "z": 63.79443359375
  },
  "C24": {
    "x": 294.934375,
    "y": 105.6064453125,
    "z": 63.79443359375
  },
  "C25": {
    "x": 195.934375,
    "y": 114.6064453125,
    "z": 63.79443359375
  },
  "C26": {
    "x": 204.934375,
    "y": 114.6064453125,
    "z": 63.79443359375
  },
  "C27": {
    "x": 213.934375,
    "y": 114.6064453125,
    "z": 63.79443359375
  },
  "C28": {
    "x": 222.934375,
    "y": 114.6064453125,
    "z": 63.79443359375
  },
  "C29": {
    "x": 231.934375,
    "y": 114.6064453125,
    "z": 63.79443359375
  },
  "C30": {
    "x": 240.934375,
    "y": 114.6064453125,
    "z": 63.79443359375
  },
  "C31": {
    "x": 249.934375,
    "y": 114.6064453125,
    "z": 63.79443359375
  },
  "C32": {
    "x": 258.934375,
    "y": 114.6064453125,
    "z": 63.79443359375
  },
  "C33": {
    "x": 267.934375,
    "y": 114.6064453125,
    "z": 63.79443359375
  },
  "C34": {
    "x": 276.934375,
    "y": 114.6064453125,
    "z": 63.79443359375
  },
  "C35": {
    "x": 285.934375,
    "y": 114.6064453125,
    "z": 63.79443359375
  },
  "C36": {
    "x": 294.934375,
    "y": 114.6064453125,
    "z": 63.79443359375
  },
  "C37": {
    "x": 195.934375,
    "y": 123.6064453125,
    "z": 63.79443359375
  },
  "C38": {
    "x": 204.934375,
    "y": 123.6064453125,
    "z": 63.79443359375
  },
  "C39": {
    "x": 213.934375,
    "y": 123.6064453125,
    "z": 63.79443359375
  },
  "C40": {
    "x": 222.934375,
    "y": 123.6064453125,
    "z": 63.79443359375
  },
  "C41": {
    "x": 231.934375,
    "y": 123.6064453125,
    "z": 63.79443359375
  },
  "C42": {
    "x": 240.934375,
    "y": 123.6064453125,
    "z": 63.79443359375
  },
  "C43": {
    "x": 249.934375,
    "y": 123.6064453125,
    "z": 63.79443359375
  },
  "C44": {
    "x": 258.934375,
    "y": 123.6064453125,
    "z": 63.79443359375
  },
  "C45": {
    "x": 267.934375,
    "y": 123.6064453125,
    "z": 63.79443359375
  },
  "C46": {
    "x": 276.934375,
    "y": 123.6064453125,
    "z": 63.79443359375
  },
  "C47": {
    "x": 285.934375,
    "y": 123.6064453125,
    "z": 63.79443359375
  },
  "C48": {
    "x": 294.934375,
    "y": 123.6064453125,
    "z": 63.79443359375
  },
  "C49": {
    "x": 195.934375,
    "y": 132.6064453125,
    "z": 63.79443359375
  },
  "C50": {
    "x": 204.934375,
    "y": 132.6064453125,
    "z": 63.79443359375
  },
  "C51": {
    "x": 213.934375,
    "y": 132.6064453125,
    "z": 63.79443359375
  },
  "C52": {
    "x": 222.934375,
    "y": 132.6064453125,
    "z": 63.79443359375
  },
  "C53": {
    "x": 231.934375,
    "y": 132.6064453125,
    "z": 63.79443359375
  },
  "C54": {
    "x": 240.934375,
    "y": 132.6064453125,
    "z": 63.79443359375
  },
  "C55": {
    "x": 249.934375,
    "y": 132.6064453125,
    "z": 63.79443359375
  },
  "C56": {
    "x": 258.934375,
    "y": 132.6064453125,
    "z": 63.79443359375
  },
  "C57": {
    "x": 267.934375,
    "y": 132.6064453125,
    "z": 63.79443359375
  },
  "C58": {
    "x": 276.934375,
    "y": 132.6064453125,
    "z": 63.79443359375
  },
  "C59": {
    "x": 285.934375,
    "y": 132.6064453125,
    "z": 63.79443359375
  },
  "C60": {
    "x": 294.934375,
    "y": 132.6064453125,
    "z": 63.79443359375
  },
  "C61": {
    "x": 195.934375,
    "y": 141.6064453125,
    "z": 63.79443359375
  },
  "C62": {
    "x": 204.934375,
    "y": 141.6064453125,
    "z": 63.79443359375
  },
  "C63": {
    "x": 213.934375,
    "y": 141.6064453125,
    "z": 63.79443359375
  },
  "C64": {
    "x": 222.934375,
    "y": 141.6064453125,
    "z": 63.79443359375
  },
  "C65": {
    "x": 231.934375,
    "y": 141.6064453125,
    "z": 63.79443359375
  },
  "C66": {
    "x": 240.934375,
    "y": 141.6064453125,
    "z": 63.79443359375
  },
  "C67": {
    "x": 249.934375,
    "y": 141.6064453125,
    "z": 63.79443359375
  },
  "C68": {
    "x": 258.934375,
    "y": 141.6064453125,
    "z": 63.79443359375
  },
  "C69": {
    "x": 267.934375,
    "y": 141.6064453125,
    "z": 63.79443359375
  },
  "C70": {
    "x": 276.934375,
    "y": 141.6064453125,
    "z": 63.79443359375
  },
  "C71": {
    "x": 285.934375,
    "y": 141.6064453125,
    "z": 63.79443359375
  },
  "C72": {
    "x": 294.934375,
    "y": 141.6064453125,
    "z": 63.79443359375
  },
  "C73": {
    "x": 195.934375,
    "y": 150.6064453125,
    "z": 63.79443359375
  },
  "C74": {
    "x": 204.934375,
    "y": 150.6064453125,
    "z": 63.79443359375
  },
  "C75": {
    "x": 213.934375,
    "y": 150.6064453125,
    "z": 63.79443359375
  },
  "C76": {
    "x": 222.934375,
    "y": 150.6064453125,
    "z": 63.79443359375
  },
  "C77": {
    "x": 231.934375,
    "y": 150.6064453125,
    "z": 63.79443359375
  },
  "C78": {
    "x": 240.934375,
    "y": 150.6064453125,
    "z": 63.79443359375
  },
  "C79": {
    "x": 249.934375,
    "y": 150.6064453125,
    "z": 63.79443359375
  },
  "C80": {
    "x": 258.934375,
    "y": 150.6064453125,
    "z": 63.79443359375
  },
  "C81": {
    "x": 267.934375,
    "y": 150.6064453125,
    "z": 63.79443359375
  },
  "C82": {
    "x": 276.934375,
    "y": 150.6064453125,
    "z": 63.79443359375
  },
  "C83": {
    "x": 285.934375,
    "y": 150.6064453125,
    "z": 63.79443359375
  },
  "C84": {
    "x": 294.934375,
    "y": 150.6064453125,
    "z": 63.79443359375
  },
  "C85": {
    "x": 195.934375,
    "y": 159.6064453125,
    "z": 63.79443359375
  },
  "C86": {
    "x": 204.934375,
    "y": 159.6064453125,
    "z": 63.79443359375
  },
  "C87": {
    "x": 213.934375,
    "y": 159.6064453125,
    "z": 63.79443359375
  },
  "C88": {
    "x": 222.934375,
    "y": 159.6064453125,
    "z": 63.79443359375
  },
  "C89": {
    "x": 231.934375,
    "y": 159.6064453125,
    "z": 63.79443359375
  },
  "C90": {
    "x": 240.934375,
    "y": 159.6064453125,
    "z": 63.79443359375
  },
  "C91": {
    "x": 249.934375,
    "y": 159.6064453125,
    "z": 63.79443359375
  },
  "C92": {
    "x": 258.934375,
    "y": 159.6064453125,
    "z": 63.79443359375
  },
  "C93": {
    "x": 267.934375,
    "y": 159.6064453125,
    "z": 63.79443359375
  },